-- MySQL dump 10.13  Distrib 8.0.27, for Win64 (x86_64)
--
-- Host: localhost    Database: quanao
-- ------------------------------------------------------
-- Server version	8.0.27

/*!40101 SET @OLD_CHARACTER_SET_CLIENT=@@CHARACTER_SET_CLIENT */;
/*!40101 SET @OLD_CHARACTER_SET_RESULTS=@@CHARACTER_SET_RESULTS */;
/*!40101 SET @OLD_COLLATION_CONNECTION=@@COLLATION_CONNECTION */;
/*!50503 SET NAMES utf8 */;
/*!40103 SET @OLD_TIME_ZONE=@@TIME_ZONE */;
/*!40103 SET TIME_ZONE='+00:00' */;
/*!40014 SET @OLD_UNIQUE_CHECKS=@@UNIQUE_CHECKS, UNIQUE_CHECKS=0 */;
/*!40014 SET @OLD_FOREIGN_KEY_CHECKS=@@FOREIGN_KEY_CHECKS, FOREIGN_KEY_CHECKS=0 */;
/*!40101 SET @OLD_SQL_MODE=@@SQL_MODE, SQL_MODE='NO_AUTO_VALUE_ON_ZERO' */;
/*!40111 SET @OLD_SQL_NOTES=@@SQL_NOTES, SQL_NOTES=0 */;

--
-- Table structure for table `tbl_category`
--

DROP TABLE IF EXISTS `tbl_category`;
/*!40101 SET @saved_cs_client     = @@character_set_client */;
/*!50503 SET character_set_client = utf8mb4 */;
CREATE TABLE `tbl_category` (
  `id` int NOT NULL AUTO_INCREMENT,
  `name` varchar(100) CHARACTER SET utf8 COLLATE utf8_general_ci NOT NULL,
  `description` varchar(100) CHARACTER SET utf8mb4 COLLATE utf8mb4_bin NOT NULL,
  `created_date` datetime DEFAULT NULL,
  `updated_date` datetime DEFAULT NULL,
  `created_by` int DEFAULT NULL,
  `updated_by` int DEFAULT NULL,
  `parent_id` int DEFAULT NULL,
  `status` tinyint(1) DEFAULT '1',
  `seo` varchar(1000) CHARACTER SET utf8mb4 COLLATE utf8mb4_bin DEFAULT NULL,
  PRIMARY KEY (`id`),
  KEY `fk_internal_idx` (`parent_id`),
  CONSTRAINT `fk_internal` FOREIGN KEY (`parent_id`) REFERENCES `tbl_category` (`id`)
) ENGINE=InnoDB AUTO_INCREMENT=25 DEFAULT CHARSET=utf8mb4 COLLATE=utf8mb4_bin COMMENT='Bảng dữ liệu chứa danh mục sản phẩm';
/*!40101 SET character_set_client = @saved_cs_client */;

--
-- Dumping data for table `tbl_category`
--

LOCK TABLES `tbl_category` WRITE;
/*!40000 ALTER TABLE `tbl_category` DISABLE KEYS */;
INSERT INTO `tbl_category` VALUES (21,'Quần âu','Quần âu',NULL,NULL,NULL,NULL,NULL,1,'java'),(22,'Cà vạt','Cà vạt',NULL,NULL,NULL,NULL,NULL,1,'dot-net'),(23,'Áo Vest','Áo Vest',NULL,NULL,NULL,NULL,21,1,NULL),(24,'Vớ','Vớ',NULL,NULL,NULL,NULL,23,1,NULL);
/*!40000 ALTER TABLE `tbl_category` ENABLE KEYS */;
UNLOCK TABLES;

--
-- Table structure for table `tbl_contact`
--

DROP TABLE IF EXISTS `tbl_contact`;
/*!40101 SET @saved_cs_client     = @@character_set_client */;
/*!50503 SET character_set_client = utf8mb4 */;
CREATE TABLE `tbl_contact` (
  `id` int NOT NULL AUTO_INCREMENT,
  `first_name` varchar(45) CHARACTER SET utf8 COLLATE utf8_general_ci NOT NULL,
  `last_name` varchar(45) CHARACTER SET utf8mb4 COLLATE utf8mb4_bin NOT NULL,
  `email` varchar(45) CHARACTER SET utf8mb4 COLLATE utf8mb4_bin NOT NULL,
  `request_type` varchar(45) CHARACTER SET utf8mb4 COLLATE utf8mb4_bin NOT NULL,
  `message` varchar(1000) CHARACTER SET utf8mb4 COLLATE utf8mb4_bin NOT NULL,
  `created_date` datetime DEFAULT NULL,
  `updated_date` datetime DEFAULT NULL,
  `created_by` int DEFAULT NULL,
  `updated_by` int DEFAULT NULL,
  `status` tinyint(1) DEFAULT '1',
  PRIMARY KEY (`id`)
) ENGINE=InnoDB AUTO_INCREMENT=3 DEFAULT CHARSET=utf8mb4 COLLATE=utf8mb4_bin COMMENT='Bảng dữ liệu chứa thông tin liên hệ';
/*!40101 SET character_set_client = @saved_cs_client */;

--
-- Dumping data for table `tbl_contact`
--

LOCK TABLES `tbl_contact` WRITE;
/*!40000 ALTER TABLE `tbl_contact` DISABLE KEYS */;
/*!40000 ALTER TABLE `tbl_contact` ENABLE KEYS */;
UNLOCK TABLES;

--
-- Table structure for table `tbl_products`
--

DROP TABLE IF EXISTS `tbl_products`;
/*!40101 SET @saved_cs_client     = @@character_set_client */;
/*!50503 SET character_set_client = utf8mb4 */;
CREATE TABLE `tbl_products` (
  `id` int NOT NULL AUTO_INCREMENT,
  `title` varchar(1000) CHARACTER SET utf8 COLLATE utf8_general_ci NOT NULL,
  `price` decimal(13,2) NOT NULL,
  `price_sale` decimal(13,2) DEFAULT NULL,
  `short_description` varchar(3000) CHARACTER SET utf8 COLLATE utf8_general_ci NOT NULL,
  `detail_description` longtext CHARACTER SET utf8mb4 COLLATE utf8mb4_bin NOT NULL,
  `avatar` varchar(200) CHARACTER SET utf8mb4 COLLATE utf8mb4_bin DEFAULT NULL,
  `category_id` int DEFAULT NULL,
  `created_date` datetime DEFAULT NULL,
  `updated_date` datetime DEFAULT NULL,
  `created_by` int DEFAULT NULL,
  `updated_by` int DEFAULT NULL,
  `status` tinyint(1) DEFAULT '1',
  `seo` varchar(1000) CHARACTER SET utf8mb4 COLLATE utf8mb4_bin DEFAULT NULL,
  `is_hot` tinyint(1) DEFAULT '0',
  PRIMARY KEY (`id`),
  KEY `fk_category_products_idx` (`category_id`),
  CONSTRAINT `fk_category_products` FOREIGN KEY (`category_id`) REFERENCES `tbl_category` (`id`) ON DELETE RESTRICT
) ENGINE=InnoDB AUTO_INCREMENT=77 DEFAULT CHARSET=utf8mb4 COLLATE=utf8mb4_bin COMMENT='Bảng dữ liệu chứa danh mục sản phẩm';
/*!40101 SET character_set_client = @saved_cs_client */;

--
-- Dumping data for table `tbl_products`
--

LOCK TABLES `tbl_products` WRITE;
/*!40000 ALTER TABLE `tbl_products` DISABLE KEYS */;
INSERT INTO `tbl_products` VALUES (72,'Quần nam',10000.00,2000.00,'Quần nam','Quần nam','product\\avatar\\lan.jpg',21,NULL,NULL,NULL,NULL,1,NULL,0),(73,'Áo vest ',20000.00,15000.00,'Áo dành cho nam ','Áo dành cho nam ','product\\avatar\\ao.jpg',21,NULL,NULL,NULL,NULL,1,NULL,0),(74,'Áo Vest ',20000.00,10000.00,'Áo dành cho nam ','Áo dành cho nam ','product\\avatar\\ao2.jpg',23,NULL,NULL,NULL,NULL,1,NULL,0),(75,'Áo vest ',23000.00,22000.00,'Áo dành cho nam ','Áo dành cho nam ','product\\avatar\\ao3.jpg',23,NULL,NULL,NULL,NULL,1,NULL,0),(76,'qưeqweqwe',20000.00,20000.00,'oiaosjdiasiodjaosijdasoi','áokdasndaoksdnmasokda','product\\avatar\\255275261_323548259197106_2982796254537534642_n.png',21,NULL,NULL,NULL,NULL,1,NULL,0);
/*!40000 ALTER TABLE `tbl_products` ENABLE KEYS */;
UNLOCK TABLES;

--
-- Table structure for table `tbl_products_images`
--

DROP TABLE IF EXISTS `tbl_products_images`;
/*!40101 SET @saved_cs_client     = @@character_set_client */;
/*!50503 SET character_set_client = utf8mb4 */;
CREATE TABLE `tbl_products_images` (
  `id` int NOT NULL AUTO_INCREMENT,
  `title` varchar(500) CHARACTER SET utf8 COLLATE utf8_general_ci NOT NULL,
  `path` varchar(200) CHARACTER SET utf8mb4 COLLATE utf8mb4_bin NOT NULL,
  `product_id` int NOT NULL,
  `created_date` datetime DEFAULT NULL,
  `updated_date` datetime DEFAULT NULL,
  `created_by` int DEFAULT NULL,
  `updated_by` int DEFAULT NULL,
  `status` tinyint(1) DEFAULT '1',
  PRIMARY KEY (`id`),
  KEY `fk_product_images_idx` (`product_id`),
  CONSTRAINT `fk_product_images` FOREIGN KEY (`product_id`) REFERENCES `tbl_products` (`id`)
) ENGINE=InnoDB AUTO_INCREMENT=37 DEFAULT CHARSET=utf8mb4 COLLATE=utf8mb4_bin COMMENT='Bảng dữ liệu danh sách ảnh sản phẩm';
/*!40101 SET character_set_client = @saved_cs_client */;

--
-- Dumping data for table `tbl_products_images`
--

LOCK TABLES `tbl_products_images` WRITE;
/*!40000 ALTER TABLE `tbl_products_images` DISABLE KEYS */;
/*!40000 ALTER TABLE `tbl_products_images` ENABLE KEYS */;
UNLOCK TABLES;

--
-- Table structure for table `tbl_roles`
--

DROP TABLE IF EXISTS `tbl_roles`;
/*!40101 SET @saved_cs_client     = @@character_set_client */;
/*!50503 SET character_set_client = utf8mb4 */;
CREATE TABLE `tbl_roles` (
  `id` int NOT NULL AUTO_INCREMENT,
  `name` varchar(45) CHARACTER SET utf8mb4 COLLATE utf8mb4_bin NOT NULL,
  `description` varchar(45) CHARACTER SET utf8mb4 COLLATE utf8mb4_bin NOT NULL,
  `created_date` datetime DEFAULT NULL,
  `updated_date` datetime DEFAULT NULL,
  `created_by` int DEFAULT NULL,
  `updated_by` int DEFAULT NULL,
  `status` tinyint(1) DEFAULT '1',
  PRIMARY KEY (`id`)
) ENGINE=InnoDB AUTO_INCREMENT=13 DEFAULT CHARSET=utf8mb4 COLLATE=utf8mb4_bin COMMENT='Bảng dữ liệu chứa thông tin roles';
/*!40101 SET character_set_client = @saved_cs_client */;

--
-- Dumping data for table `tbl_roles`
--

LOCK TABLES `tbl_roles` WRITE;
/*!40000 ALTER TABLE `tbl_roles` DISABLE KEYS */;
INSERT INTO `tbl_roles` VALUES (11,'ADMIN','ADMIN',NULL,NULL,NULL,NULL,1),(12,'GUEST','GUEST',NULL,NULL,NULL,NULL,1);
/*!40000 ALTER TABLE `tbl_roles` ENABLE KEYS */;
UNLOCK TABLES;

--
-- Table structure for table `tbl_saleorder`
--

DROP TABLE IF EXISTS `tbl_saleorder`;
/*!40101 SET @saved_cs_client     = @@character_set_client */;
/*!50503 SET character_set_client = utf8mb4 */;
CREATE TABLE `tbl_saleorder` (
  `id` int NOT NULL AUTO_INCREMENT,
  `code` varchar(45) CHARACTER SET utf8 COLLATE utf8_general_ci NOT NULL,
  `user_id` int DEFAULT NULL,
  `total` decimal(13,2) DEFAULT NULL,
  `created_date` datetime DEFAULT NULL,
  `updated_date` datetime DEFAULT NULL,
  `created_by` int DEFAULT NULL,
  `updated_by` int DEFAULT NULL,
  `status` tinyint(1) DEFAULT '1',
  `customer_name` varchar(100) CHARACTER SET utf8 COLLATE utf8_general_ci DEFAULT NULL,
  `customer_address` varchar(100) CHARACTER SET utf8 COLLATE utf8_general_ci DEFAULT NULL,
  `seo` varchar(200) CHARACTER SET utf8mb4 COLLATE utf8mb4_bin DEFAULT NULL,
  `customer_phone` varchar(100) CHARACTER SET utf8 COLLATE utf8_general_ci DEFAULT NULL,
  `cutomer_email` varchar(100) CHARACTER SET utf8 COLLATE utf8_general_ci DEFAULT NULL,
  PRIMARY KEY (`id`)
) ENGINE=InnoDB AUTO_INCREMENT=24 DEFAULT CHARSET=utf8mb4 COLLATE=utf8mb4_bin COMMENT='Bảng dữ liệu chứa phiếu mua hàng';
/*!40101 SET character_set_client = @saved_cs_client */;

--
-- Dumping data for table `tbl_saleorder`
--

LOCK TABLES `tbl_saleorder` WRITE;
/*!40000 ALTER TABLE `tbl_saleorder` DISABLE KEYS */;
INSERT INTO `tbl_saleorder` VALUES (21,'1637493329328',NULL,NULL,NULL,NULL,NULL,NULL,1,'dũng','qưeqweqwe',NULL,NULL,'dasdasd@gmal.com'),(22,'1637504106238',NULL,NULL,NULL,NULL,NULL,NULL,1,'dũng','1231241534345345',NULL,NULL,'dasdasd1231231@gmal.com'),(23,'1637553003506',NULL,NULL,NULL,NULL,NULL,NULL,1,'Nguyễn hữu dũng ','Hà nội - 0346590614',NULL,NULL,'dasdasd@gmal.com');
/*!40000 ALTER TABLE `tbl_saleorder` ENABLE KEYS */;
UNLOCK TABLES;

--
-- Table structure for table `tbl_saleorder_products`
--

DROP TABLE IF EXISTS `tbl_saleorder_products`;
/*!40101 SET @saved_cs_client     = @@character_set_client */;
/*!50503 SET character_set_client = utf8mb4 */;
CREATE TABLE `tbl_saleorder_products` (
  `id` int NOT NULL AUTO_INCREMENT,
  `saleorder_id` int NOT NULL,
  `product_id` int NOT NULL,
  `quality` int NOT NULL,
  `created_date` datetime DEFAULT NULL,
  `updated_date` datetime DEFAULT NULL,
  `created_by` int DEFAULT NULL,
  `updated_by` int DEFAULT NULL,
  `status` tinyint(1) DEFAULT '1',
  PRIMARY KEY (`id`),
  KEY `fk_saleorder_product_idx` (`saleorder_id`),
  CONSTRAINT `fk_saleorder_product` FOREIGN KEY (`saleorder_id`) REFERENCES `tbl_saleorder` (`id`)
) ENGINE=InnoDB AUTO_INCREMENT=32 DEFAULT CHARSET=utf8mb4 COLLATE=utf8mb4_bin COMMENT='Bảng dữ liệu chứa phiếu mua hàng';
/*!40101 SET character_set_client = @saved_cs_client */;

--
-- Dumping data for table `tbl_saleorder_products`
--

LOCK TABLES `tbl_saleorder_products` WRITE;
/*!40000 ALTER TABLE `tbl_saleorder_products` DISABLE KEYS */;
INSERT INTO `tbl_saleorder_products` VALUES (29,21,70,2,NULL,NULL,NULL,NULL,1),(30,22,72,1,NULL,NULL,NULL,NULL,1),(31,23,73,1,NULL,NULL,NULL,NULL,1);
/*!40000 ALTER TABLE `tbl_saleorder_products` ENABLE KEYS */;
UNLOCK TABLES;

--
-- Table structure for table `tbl_users`
--

DROP TABLE IF EXISTS `tbl_users`;
/*!40101 SET @saved_cs_client     = @@character_set_client */;
/*!50503 SET character_set_client = utf8mb4 */;
CREATE TABLE `tbl_users` (
  `id` int NOT NULL AUTO_INCREMENT,
  `username` varchar(45) CHARACTER SET utf8mb4 COLLATE utf8mb4_bin NOT NULL,
  `password` varchar(100) CHARACTER SET utf8mb4 COLLATE utf8mb4_bin NOT NULL,
  `email` varchar(45) CHARACTER SET utf8mb4 COLLATE utf8mb4_bin NOT NULL,
  `created_date` datetime DEFAULT NULL,
  `updated_date` datetime DEFAULT NULL,
  `created_by` int DEFAULT NULL,
  `updated_by` int DEFAULT NULL,
  `status` tinyint(1) DEFAULT '1',
  PRIMARY KEY (`id`)
) ENGINE=InnoDB AUTO_INCREMENT=13 DEFAULT CHARSET=utf8mb4 COLLATE=utf8mb4_bin COMMENT='Bảng dữ liệu chứa thông tin người dùng';
/*!40101 SET character_set_client = @saved_cs_client */;

--
-- Dumping data for table `tbl_users`
--

LOCK TABLES `tbl_users` WRITE;
/*!40000 ALTER TABLE `tbl_users` DISABLE KEYS */;
INSERT INTO `tbl_users` VALUES (11,'admin','$2a$04$VfMI75Jcf5S/vx2ENFwUu.SjP.EbPjIJhScGMxKsTKTIlrEF9D.e6','admin@example.com',NULL,NULL,NULL,NULL,1),(12,'guest','$2a$04$zTk8tCMki7a8QE/QJlmyTumW/4suxwY8XPVVFBdP8feLPKryZxGV6','guest@example.com',NULL,NULL,NULL,NULL,1);
/*!40000 ALTER TABLE `tbl_users` ENABLE KEYS */;
UNLOCK TABLES;

--
-- Table structure for table `tbl_users_roles`
--

DROP TABLE IF EXISTS `tbl_users_roles`;
/*!40101 SET @saved_cs_client     = @@character_set_client */;
/*!50503 SET character_set_client = utf8mb4 */;
CREATE TABLE `tbl_users_roles` (
  `user_id` int NOT NULL,
  `role_id` int NOT NULL,
  PRIMARY KEY (`user_id`,`role_id`),
  KEY `fk_roles_idx` (`role_id`),
  CONSTRAINT `fk_roles` FOREIGN KEY (`role_id`) REFERENCES `tbl_roles` (`id`),
  CONSTRAINT `fk_users` FOREIGN KEY (`user_id`) REFERENCES `tbl_users` (`id`)
) ENGINE=InnoDB DEFAULT CHARSET=utf8mb4 COLLATE=utf8mb4_bin COMMENT='bảng trung gian thể hiện quan hệ n-n của users và roles';
/*!40101 SET character_set_client = @saved_cs_client */;

--
-- Dumping data for table `tbl_users_roles`
--

LOCK TABLES `tbl_users_roles` WRITE;
/*!40000 ALTER TABLE `tbl_users_roles` DISABLE KEYS */;
INSERT INTO `tbl_users_roles` VALUES (11,11),(12,12);
/*!40000 ALTER TABLE `tbl_users_roles` ENABLE KEYS */;
UNLOCK TABLES;
/*!40103 SET TIME_ZONE=@OLD_TIME_ZONE */;

/*!40101 SET SQL_MODE=@OLD_SQL_MODE */;
/*!40014 SET FOREIGN_KEY_CHECKS=@OLD_FOREIGN_KEY_CHECKS */;
/*!40014 SET UNIQUE_CHECKS=@OLD_UNIQUE_CHECKS */;
/*!40101 SET CHARACTER_SET_CLIENT=@OLD_CHARACTER_SET_CLIENT */;
/*!40101 SET CHARACTER_SET_RESULTS=@OLD_CHARACTER_SET_RESULTS */;
/*!40101 SET COLLATION_CONNECTION=@OLD_COLLATION_CONNECTION */;
/*!40111 SET SQL_NOTES=@OLD_SQL_NOTES */;

-- Dump completed on 2021-11-25 22:00:20
